,accuracy,f1,precision,recall,model
0,0.9934455942169487,0.3282937365010799,0.6846846846846847,0.2159090909090909,rf
