,transactionAmount,availableCash
count,117746.0,117746.0
mean,53.21779712261987,6640.743634603298
std,181.55458295181012,3406.4402794106045
min,-0.15,500.0
25%,8.06,4500.0
50%,20.24,7500.0
75%,48.89,8500.0
max,13348.0,18500.0
