,transactionAmount,availableCash
count,875.0,875.0
mean,115.16866285714286,4575.428571428572
std,365.8011237800348,3307.4739775930284
min,-0.12,500.0
25%,3.52,1500.0
50%,21.0,4500.0
75%,78.18,7500.0
max,4999.0,15500.0
