,transactionAmount,availableCash
count,118621.0,118621.0
mean,53.67477360669695,6625.508973959079
std,183.66531478062268,3410.2894855539553
min,-0.15,500.0
25%,8.03,4500.0
50%,20.25,7500.0
75%,49.0,8500.0
max,13348.0,18500.0
